{
  "data_path": "/home/PTG4AM/data/RR-submission-v2",
  "split_test_file_path": "",
  "e2e_weights_path": null,
  "bert_weights_path": "/home/PTG4AM/data/bert-base-uncased",
  "output_dir": "experiments/rr_sub/ptgmodel/",
  "model": "PTGModel",
  "model_prefix": "tgmodel",
  "model_class": "bert-base-uncased",
  "train_batch_size": 1,
  "val_batch_size": 1,
  "gradient_accumulation_steps": 1,
  "num_train_epochs": 25,
  "min_valid_steps": 100,
  "num_valid": 100,
  "save_steps_ratio": 1,
  "num_instances": -1,
  "max_bert_token": 100,
  "learning_rate": 1e-3,
  "weight_decay": 0,
  "decay": "linear",
  "optim": "adamw",
  "betas": [0.9, 0.98],
  "dropout": 0,
  "grad_norm": 1.0,
  "warmup_ratio": 0.1,
  "bert_learning_rate": 1e-5,
  "bert_weight_decay": 1e-3,
  "seed":42,
  "freeze_bert": 0,
  "hidden_size": 256,
  "bert_output_size":768,
  "tg_layer_num": 1,
  "graph_type": "gcn",
  "cross_type": "concat",
  "aggregation_type": "one_stage",
  "graph_residual": true,
  "attention_loss": false,
  "att_loss_type": "",
  "gate_loss_type": "2",
  "attn_weight": 1,
  "use_pos_emb": false,
  "share_crf_param": true,
  "negative_sample": 1,
  "pair_weight": 1,
  "probing_mask": "twomask",
  "metric": "dist",
  "poincare_threshold": 0.7,
  "dist_threshold": 0.5,
  "max_cor_num_type": "sample",
  "inter_cor_threshold": 0,
  "intra_neighbour": 3,
  "intra_cor_threshold": 0,
  "sent_top": 3,
  "noone": "no1",
  "adj_norm": "non_symmetric_normalize_adj",
  "use_cl_loss": true,
  "cl_type": "gcl",
  "sim_type": "cos",
  "use_only_sents_in_ac": true,
  "sub_type": "pre",
  "temperature": 1,
  "cl_weight": 1,
  "use_cl_proj": true,
  "cl_layer": "graph",
  "rep_type": "mean",
  "cl_proj_dim": 0,
  "drop_edge_type": "uniform",
  "drop_edge_rate": 1.0,
  "drop_type": "fake_before_norm"
}
